{"silhouette_score": 0.4874078408334259, "calinski_harabasz": 15991.008396170715, "davies_bouldin_score": 0.5095931830231136, "purity": 0.7136363636363636, "adjusted_rand_score": 0.008388257974998557, "adjusted_mutual_info_score": 0.020078303687289776, "precision": 0.7613130510359915, "recall": 0.015, "f1": 0.012138170610512687, "accuracy": 0.015}