{"silhouette_score": 0.008855017433671598, "calinski_harabasz": 6.277908151059201, "davies_bouldin_score": 7.550947214374032, "purity": 0.7127272727272728, "adjusted_rand_score": 0.025254185557498535, "adjusted_mutual_info_score": 0.07332183572350001, "precision": 0.7561107422540008, "recall": 0.013636363636363636, "f1": 0.013469013860996044, "accuracy": 0.013636363636363636}