{"silhouette_score": 0.002805729400786275, "calinski_harabasz": 4.105149450790299, "davies_bouldin_score": 6.09874638370156, "purity": 0.7122727272727273, "adjusted_rand_score": 0.021225023890499625, "adjusted_mutual_info_score": 0.06592222190144997, "precision": 0.7515395408167708, "recall": 0.011363636363636364, "f1": 0.011321316946416044, "accuracy": 0.011363636363636364}