{"silhouette_score": 8.87665748661636e-06, "calinski_harabasz": 2.562604513738337, "davies_bouldin_score": 2.364912021091807, "purity": 0.7086363636363636, "adjusted_rand_score": -0.0033129431838187754, "adjusted_mutual_info_score": -0.0007525434318248833, "precision": 0.7871497204390143, "recall": 0.7063636363636364, "f1": 0.5866920133675595, "accuracy": 0.7063636363636364}