{"silhouette_score": 0.31079423160775316, "calinski_harabasz": 27.416546622518457, "davies_bouldin_score": 1.5720651682520692, "purity": 0.7177272727272728, "adjusted_rand_score": -0.0020597048342632517, "adjusted_mutual_info_score": 0.010046770108672417, "precision": 0.5174624571013868, "recall": 0.1572727272727273, "f1": 0.23801600806784945, "accuracy": 0.1572727272727273}