{"silhouette_score": 0.2739263353938237, "calinski_harabasz": 1165.072162468367, "davies_bouldin_score": 0.9145095811260691, "purity": 0.7136363636363636, "adjusted_rand_score": 0.009344411173450745, "adjusted_mutual_info_score": 0.028581792216919408, "precision": 0.8119063050403047, "recall": 0.028636363636363637, "f1": 0.034028795560278595, "accuracy": 0.028636363636363637}