{"silhouette_score": 0.0006169502513957008, "calinski_harabasz": 5.498347048312465, "davies_bouldin_score": 7.664776360113016, "purity": 0.7168181818181818, "adjusted_rand_score": 0.08070897830448179, "adjusted_mutual_info_score": 0.06730185185513557, "precision": 0.7743219078211089, "recall": 0.01090909090909091, "f1": 0.011162596356730198, "accuracy": 0.01090909090909091}