{"silhouette_score": 0.501127617443503, "calinski_harabasz": 29153.572530018384, "davies_bouldin_score": 0.4616807341873695, "purity": 0.7154545454545455, "adjusted_rand_score": 0.005372109579813324, "adjusted_mutual_info_score": 0.01699358301520351, "precision": 0.7444961143429673, "recall": 0.015454545454545455, "f1": 0.01853730424226929, "accuracy": 0.015454545454545455}