{"silhouette_score": -0.09149175695180312, "calinski_harabasz": 137.15880007089507, "davies_bouldin_score": 0.905513598207216, "purity": 0.7095454545454546, "adjusted_rand_score": -0.0007253273343545332, "adjusted_mutual_info_score": 0.023168363582635874, "precision": 0.735986696697732, "recall": 0.005, "f1": 0.00015231040841587632, "accuracy": 0.005}