{"silhouette_score": -0.017228306314261515, "calinski_harabasz": 1.991828647218901, "davies_bouldin_score": 1.9425542993965126, "purity": 0.7104545454545454, "adjusted_rand_score": 0.001617518288401714, "adjusted_mutual_info_score": 0.0025649366416392607, "precision": 0.6372593256117547, "recall": 0.7036363636363636, "f1": 0.5869815503966814, "accuracy": 0.7036363636363636}