{"silhouette_score": 0.32564322323673806, "calinski_harabasz": 1349.7283721915894, "davies_bouldin_score": 0.8206596401164205, "purity": 0.7140909090909091, "adjusted_rand_score": 0.004788008668447334, "adjusted_mutual_info_score": 0.022545569457063094, "precision": 0.7370978393694084, "recall": 0.01, "f1": 0.007889253489959502, "accuracy": 0.01}