{"silhouette_score": 0.00037394783114001875, "calinski_harabasz": 5.347771798351584, "davies_bouldin_score": 8.083642960537407, "purity": 0.7122727272727273, "adjusted_rand_score": 0.04232713853813071, "adjusted_mutual_info_score": 0.061738125861639105, "precision": 0.771790146026046, "recall": 0.054545454545454536, "f1": 0.03559961601487025, "accuracy": 0.05454545454545454}