{"silhouette_score": 0.010618564531165468, "calinski_harabasz": 4.291232320956616, "davies_bouldin_score": 6.5536408337723415, "purity": 0.7104545454545454, "adjusted_rand_score": 0.0047711549785905095, "adjusted_mutual_info_score": 0.06718472295995612, "precision": 0.7226773690309857, "recall": 0.014090909090909091, "f1": 0.008104650672485609, "accuracy": 0.014090909090909091}