{"silhouette_score": 0.5377590907154295, "calinski_harabasz": 45739.4621464637, "davies_bouldin_score": 0.4890841782485519, "purity": 0.7136363636363636, "adjusted_rand_score": 0.002748961183409957, "adjusted_mutual_info_score": 0.012579379558981103, "precision": 0.7421212121212122, "recall": 0.005909090909090909, "f1": 0.010045454545454547, "accuracy": 0.005909090909090909}