{"silhouette_score": -0.16781224158148783, "calinski_harabasz": 10.243788372650048, "davies_bouldin_score": 2.0990364678727267, "purity": 0.7177272727272728, "adjusted_rand_score": -0.004809786480509383, "adjusted_mutual_info_score": 0.0070312017280170554, "precision": 0.517173501317523, "recall": 0.3531818181818182, "f1": 0.41377445633514104, "accuracy": 0.3531818181818182}