{"silhouette_score": 0.011120976198891002, "calinski_harabasz": 4.395817392905648, "davies_bouldin_score": 6.435586391624585, "purity": 0.71, "adjusted_rand_score": 0.003157244107115675, "adjusted_mutual_info_score": 0.056616667666076696, "precision": 0.770382387447672, "recall": 0.00909090909090909, "f1": 0.006514901136045415, "accuracy": 0.00909090909090909}