{"silhouette_score": -0.01656264798947923, "calinski_harabasz": 1.9979030813827148, "davies_bouldin_score": 1.941720755784503, "purity": 0.7104545454545454, "adjusted_rand_score": 0.001617518288401714, "adjusted_mutual_info_score": 0.0025649366416392607, "precision": 0.6372593256117547, "recall": 0.7036363636363636, "f1": 0.5869815503966814, "accuracy": 0.7036363636363636}